,tweet_preprocessing
0,kak maaf kendalanya ya kak bella bantu kendala kakak inbox ya kak silakan 
1,follow yuk byk hadiah guys
2,kak maaf kendalanya ya kak bella bantu kendala kakak inbox ya kak silakan kakak 
3,mengajakmu bergabung bukalapak memberikanmu credits rp cek 
4,tolong nomor dana hangus memutus akun dana
5,belanja pengiriman pakai jasa terimakasih jnt
6,malam min knp ga login ya padahal udah bener sms kode bener gagal 
7,tolong balas dmnya yaa
8,hi kak maaf kendalanya ya kak bella bantu inbox ya kak kendalanya silakan kakak cek inbox kakak 
9,gratisan pake kode ongkirgratis pas belanja bukalapak biar ongkir gratis maks berlaku 
10,kejadian shopee bukalapak balikin akunku
11,hallo membeli pelatihan prakerja bukalapak menyelesaikan pelatihan skill  
12,free pake link belanja shopee bukalapak lazada 
13,ngasih emas nih ambil hadiah emasnya 
14,hi selamat terpilih pemenang kuis cek dm ya 
15,beli buka mas rb masuk saldo tinggal sisanya kemana
16,mohon perhatian tiket komplain pencurian foto watermark sege 
17,minisite blogger responsiv untul bisnis reseller tokopedia bukalapak dll
18,hai kak mohon maaf kendala dialami terkait kendala kakak diinfokan bella dm ya kak 
19,hai kak maaf kendalanya ya bella diinfokan detail kendala dm ya kak mohon di 
20,nokia c tersedia toko resmi nokia mobile bukalapak ya 
21,hai kak maaf banget kendala ya mohon diinfokan bella nomor transaksi alamat  
22,hai kak maaf banget kendala ya mohon diinfokan bella nomor transaksi alamat  
23,promo paket bundling berlaku pembelian marketplace shopee tokopedia bukalapak instagram 
24,salam mohon dibantu no transaksi dana dr transaksi masuk dompet bl sy krn pkt 
25,salam mohon dibantu no transaksi dana dr transaksi masuk dompet bl sy krn pkt 
26,cek perlengkapan butuhkan harganya terbaik 
27,diskon rb minimal rb bukalapak bayar pake dana
28,biar belanja hemat lupa pake voucher bank mandiri nih lumayan banget voucher ongkir rp 
29,chat ga ganti cs tidur gimana cs nya 
30,hai kak maaf kendala ya mohon infokan bella detail terkait kendala ya info 
31,order pomade langsung gt gt gt bukalapak
32,maaf kendala ya kak mohon infoin bella via dm nomor transaksinya bukti resi fisik da 
33,invest emas bukalapak rupiah
34,hai kak maaf kendalanya ya yuk dm bella infoin detail kendala ya kak bdp
35,ya nih berkesempatan menangin total hadiah jt gampang banget top up produk virtual 
36,mudah amp praktis lwt e commerce spt bukalapak amp tokopedia
37,yg baca pikir lg kalo beli pelatihan slama sy rekomen org utk be 
38,terimakasih
39,gimana nih bales dm nya kak
40,bukalapak beli tiket bepergian loh 
41,belanja bayar
42,investasi reksadana emas bukalapak ayo bantu 
43,dapet gratisan bl ya  
44,investasi reksadana emas bukalapak ayo bantu 
45,dapet gratisan bl ya 
46,lanjutan mksdnya gimana woy bener no tiket laporan sy yg skrng hdeh jancok gaj jelas 
47,beli reksadana emas bukalapak
48,hai kak kendala bella konfirmasi dm ya kak yuk pindak dm kak nt
49,netijen please do your magic bantu jualan gue bukalapak yuk belinya 
50,nabung emas aja udah 
51,belom bayar angsuran fif ya 
52,gratisan pake kode ongkirgratis pas belanja bukalapak biar ongkir gratis maks rprb berlaku 
53,hai kak maaf banget nggak nyaman ya kak perihal kendala bella konfirmasi  
54,aplikasi gak kmren ni tiket brubah kali dm brubah cs aplikasi
55,aplikasi gak kmren ni tiket brubah kali dm brubah cs aplikasi 
56,selesai bintek verifikasi bukalapak tinggal shopee blibli 
57,bersyukur shopee bukalapak tokped dsj langsung harganya 
58,hai kak kendala bella konfirmasi dm ya kak yuk cek dm kak nt
59,hai kak kendala bella konfirmasi dm ya kak yuk cek dm kak nt
60,shopee tokopedia bukalapak lazada bintang iklan konsep iklan nya mahal mahal bangsat
61,shopee tokopedia bukalapak lazada bintang iklan konsep iklan nya mahal mahal bangsat
62,buka dm min ga respon kek doi 
63,mohon bantuannya sy pesan barang pelapak stuff station id transaksi  
64,mohon bantuannya sy pesan barang pelapak stuff station id transaksi a tgl pela 
65,mengajakmu bergabung bukalapak memberikanmu credits rp cek 
66,mengajakmu bergabung bukalapak memberikanmu credits rp cek 
67,iyaa duls shopee tokped udah mitra pegadaian kalo bukaemas 
68,bukalapak  emang  cincai  harga  santai  kagak  lebay  dinego aje say   
69,bukalapak emang cincai harga santai kagak lebay dinego aje say say 
70,hai kak maaf banget ya udah bikin kakak gak nyaman terkait kendala kakak nomor transaksi xxâ 
71,hai kak maaf banget ya udah bikin kakak gak nyaman terkait kendala kakak nomor transaksi xx 
72,terimakasih admin cakep hati kirim pesan pelapak dihiraukan 
73,bukalapak cincau harga santai kagak lebay dinego aje sayy sayy 
74,yuk langsung aja kepoin marketplace gopayless tersedia tokopedia bukalapak shopee blibli 
75,yuk langsung aja kepoin marketplace gopayless tersedia tokopedia bukalapak shopee blibli 
76,biar belanja nyaman yuk top up bni tapcash bukalapak dapatkan cashbacknya cuss yuâ 
77,biar belanja nyaman yuk top up bni tapcash bukalapak dapatkan cashbacknya cuss yu 
78,bukalapak ovo skil academy tolong pusing 
79,buku das kapital ribu bukalapak udah buku 
80,buku das kapital ribu bukalapak udah buku 
81,rekening sih gk keterangan bank ak klo nabung top up alfa klo g 
82,rt ww ya nih berkesempatan menangin total hadiah jt gampang banget top up produk virtual bukaâ 
83,rt ww ya nih berkesempatan menangin total hadiah jt gampang banget top up produk virtual buka 
84,rt buku das kapital ribu bukalapak udah buku 
85,rt buku das kapital ribu bukalapak udah buku 
86,iya nih bukalapak sepi sepi aja
87,bukalapak promo moms
88,makasih min
89,bukalapak chino k jaket jeans k kemeja denim k dll gt pin fce hp lt 
90,yg gue tanganin kenalan mi chat open room suruh tf bukalapak hadehhh hadehhh pusing
91,kereeeenn bgt pdhl pas th bukalapak udh up bgt 
92,cek perlengkapan butuhkan harganya terbaik 
93,cek produk new update gt gt gt bukalapak gt gt 
94,gratisan pake kode ongkirgratis pas belanja bukalapak biar ongkir gratis maks rprb berlakuâ 
95,gratisan pake kode ongkirgratis pas belanja bukalapak biar ongkir gratis maks rprb berlaku 
96,tau jumat bukalapa bukamall festival flash deal 
97,oke kak lupa jaga kesehatan ya kendala bukalapak silakaâ 
98,oke kak lupa jaga kesehatan ya kendala bukalapak silaka 
99,tolong voucher diterbitkan aja udah ampir sebulan gak hasil
100,tolong voucher diterbitkan aja udah ampir sebulan gak hasil
101,gratisan pake kode ongkirgratis pas belanja bukalapak biar ongkir gratis maks rprb berlakuâ 
102,gratisan pake kode ongkirgratis pas belanja bukalapak biar ongkir gratis maks rprb berlaku 
103,gratisan pake kode ongkirgratis pas belanja bukalapak biar ongkir gratis maks rprb berlakuâ 
104,gratisan pake kode ongkirgratis pas belanja bukalapak biar ongkir gratis maks rprb berlaku 
105,gila potongan super seller cuy pantesan platform sepi super seller nggak aja â 
106,gila potongan super seller cuy pantesan platform sepi super seller nggak aja 
107,rt gratisan pake kode ongkirgratis pas belanja bukalapak biar ongkir gratis maks rprb berlaku khususâ 
108,rt gratisan pake kode ongkirgratis pas belanja bukalapak biar ongkir gratis maks rprb berlaku khusus 
109,hai kak maaf ketidaknyamanannya ya kakak dm bella ya kak infoin detail kendala kak bdp
110,mengajakmu bergabung bukalapak memberikanmu credits rp cek 
111,hai kak maaf ketidaknyamanannya ya kakak dm bella ya kak infoin detail kendala kak bdp
112,mengajakmu bergabung bukalapak memberikanmu credits rp cek 
113,investasi emas
114,investasi emas
115,gratisan pake kode ongkirgratis pas belanja bukalapak biar ongkir gratis maks rpâ 
116,gratisan pake kode ongkirgratis pas belanja bukalapak biar ongkir gratis maks rp 
117,rt follow akun official store ya mendapakan update terbaru terkait produk 
118,penjual yg pake super seller bukalapak hasilnya gmn yak yg super seller berasa imbasnya 
119,gw bgt tim ui ux nya shopee bukalapak
120,gw bgt tim ui ux nya shopee bukalapak
121,jual alat rapid test harga ekonomis beli eceran rp pesan via bukalapak klik â 
122,jual alat rapid test harga ekonomis beli eceran rp pesan via bukalapak klik 
123,proses komplain transaksi blipkbmcinv 
124,belanja bukalapak bayarnya pakai coba vote ðÿ 
125,belanja bukalapak bayarnya pakai coba vote 
126,profesional berhati kawan lupa kode unik tâ 
127,admin twiiter gak tiao ni tiket berubah tpi admin ig live chat tto sm noâ 
128,admin twiiter gak tiao ni tiket berubah tpi admin ig live chat tto sm no 
129,pastikan kali trakhir makai pilihan topuo aktivitas sehari tiâ 
130,pastikan kali trakhir makai pilihan topuo aktivitas sehari ti 
131,order pomade langsung gt gt gt bukalapak
132,order pomade langsung gt gt gt bukalapak
133,bunyi apatuh suara perut hihihihi perut laper langsung aja buka bukafood pilihan makanan neâ 
134,maaf ketidaknyamanannya ya kak perihal kendala bella bantu konfirmasi dm yaâ 
135,maaf ketidaknyamanannya ya kak perihal kendala bella bantu konfirmasi dm ya 
136,basi jawabanmu gaada kejelasan gaada penyelesaian
137,basi jawabanmu gaada kejelasan gaada penyelesaian
138,ngasih tau nih belanja metode pembayaran dana dapetin diskon ongkos kirim s dâ 
139,ngasih tau nih belanja metode pembayaran dana dapetin diskon ongkos kirim s d 
140,tidakperlu dm balasan aja kayak robot buarkan mreka tau gmn bukalapak atâ 
141,tidakperlu dm balasan aja kayak robot buarkan mreka tau gmn bukalapak at 
142,nggak belanja ono
143,penggemar setia bukalapak terima kasih user experience yaâ 
144,amankah nabung emas bukalapak merger perusahaan nasib emas 
145,coba cicil emas bukalapak cuan mi promo nih nih cicilan bukaemas
146,kak penarikan dana kerekning bca status pending ya 
147,kak penarikan dana kerekning bca status pending ya 
148,gratisan pake kode ongkirgratis pas belanja bukalapak biar ongkir gratis maks rprb berlakuâ 
149,gratisan pake kode ongkirgratis pas belanja bukalapak biar ongkir gratis maks rprb berlaku 
150,cek perlengkapan butuhkan harganya terbaik 
151,cek perlengkapan butuhkan harganya terbaik 
152,gratisan pake kode ongkirgratis pas belanja bukalapak biar ongkir gratis maks rprb berlakuâ 
153,gratisan pake kode ongkirgratis pas belanja bukalapak biar ongkir gratis maks rprb berlaku 
154,kelanjutan dana sayaa btuh uang bayar angsuran yaallah tâ 
155,kelanjutan dana sayaa btuh uang bayar angsâ 
156,kelanjutan dana sayaa btuh uang bayar angsuraâ 
157,kelanjutan dana sayaa btuh uang bayar angsuranâ 
158,kelanjutan dana sayaa btuh uang bayar angsuran 
159,grgr lupa kode unik kah mas jg gitu tpi duit gabalik smoe skrg udh keâ 
160,grgr lupa kode unik kah mas jg gitu tpi duit gabalik smoe skrg udh 
161,lhoo ga ngecek bukalapak skrg ui nya dah rapi yaaa
162,mohon maaf ya kak udah bikin gak nyaman bella cek kendala kakak nomor pelaporan â 
163,kelanjutan dana sayaa btuh uang bayar angsuranâ 
164,lhoo ga ngecek bukalapak skrg ui nya dah rapi yaaa
165,mohon maaf ya kak udah bikin gak nyaman bella cek kendala kakak nomor pelaporan 
166,kelanjutan dana sayaa btuh uang bayar angsuran 
167,salah kode unik udh nungfu disuruh nungfu brpa woy 
168,salah kode unik udh nungfu disuruh nungfu brpa woy 
169,order pomade langsung gt gt gt bukalapak
170,order pomade langsung gt gt gt bukalapak
171,mudah sahabat pilih program program rumah zakat langsung bukalapak
172,mudah sahabat pilih program program rumah zakat langsung bukalapak
173,bukalapak undang gue lol sesuai target audience nya 
174,kumpulan novel fiksi import bhs inggris best seller in maret
175,dah kerja bukalapak tp gapernah post 
176,pelapak dirugikan cancel orderan persetujuan pelaâ 
177,pelapak dirugikan cancel orderan persetujuan pela 
178,marketplace konyol yg
179,marketplace konyol yg
180,gak ngebadut ya syopii sampe gua pindah haluan bukalapak 
181,gk dibls keluhan
182,kak maaf ya udah bikin kakak gak nyaman bella cek transaksi kakak dibaâ 
183,kak maaf ya udah bikin kakak gak nyaman bella cek transaksi kakak diba 
184,proses semoga bertahan dgn membatalkan transaksi yg sdh diproâ 
185,proses semoga bertahan dgn membatalkan transaksi yg sdh dipro 
186,netijen please do your magic bantu jualan gue bukalapak yuk belinya 
187,netijen please do your magic bantu jualan gue bukalapak yuk belinya 
188,jual bukalapak carousel deh cepet lakunya
189,jual bukalapak carousel deh cepet lakunya
190,loopers cus streaming internetan lancar pake kartu perdana internet telkomsel beli aja d 
191,memiliki bukti perbaikan pasien signifikanâ 
192,memiliki bukti perbaikan pasien signifikan 
193,kak maaf banget ya udah bikin kakak gak nyaman silakan kakak kesepakatan terlebihâ 
194,kak maaf banget ya udah bikin kakak gak nyaman silakan kakak kesepakatan 
195,saksikan live streaming leadership talks strategi perjuangan perusahaan era pandemic sebentâ 
196,pembeli gk dihubungi aja transaksi laporkan viralkan
197,pembeli gk dihubungi aja transaksi laporkan viralkan
198,tersedia jg bukalapak shopee toped amp wa bro
199,kak maaf banget kendalanya bella cek kendala kakak bella bantu sampaikanâ 
200,kak maaf banget kendalanya bella cek kendala kakak bella bantu 
201,gamenang beli mmm gatau sih msti prcya enggaðÿ bantuin bukalapak sanaâ 
202,perusahaan teknologi indonesia bukalapak menghadirkan maingame dot com aplikasinya program tâ 
203,perusahaan teknologi indonesia bukalapak menghadirkan maingame dot com aplikasinya program t 
204,smartphone versi terbaru tunggu tunggu udah pasaran yuk beli aja pakâ 
205,smartphone versi terbaru tunggu tunggu udah pasaran yuk beli aja 
206,rt perusahaan teknologi indonesia bukalapak menghadirkan maingame dot com aplikasinya program turnamenâ 
207,rt perusahaan teknologi indonesia bukalapak menghadirkan maingame dot com aplikasinya program turnamen 
208,gratisan pake kode ongkirgratis pas belanja bukalapak biar ongkir gratis maks rprb berlakuâ 
209,mengajakmu bergabung bukalapak memberikanmu credits rp cek 
210,gratisan pake kode ongkirgratis pas belanja bukalapak biar ongkir gratis maks rprb berlaku 
211,mengajakmu bergabung bukalapak memberikanmu credits rp cek 
212,pas banget doyan aktivitas media digital streaming film sampe nge game kitaâ 
213,pas banget doyan aktivitas media digital streaming film sampe nge game 
214,minisite blogger responsiv untul bisnis reseller tokopedia bukalapak dll
215,minisite blogger responsiv untul bisnis reseller tokopedia bukalapak dll
216,jadiii bukalapak nikmatin cashback berlangganan streaming film favorit top up gameâ 
217,jadiii bukalapak nikmatin cashback berlangganan streaming film favorit top up game 
218,dorong industri game bukalapak hadirkan program turnamen asik
219,hai kak mohon maaf kendalanya ya keamanan data kakak pindah dm yuk kak infoin alamat eâ 
220,harga amazon usd sampe usd shipping bea cukai dijual juta
221,rt harga amazon usd sampe usd shipping bea cukai dijual juta
222,nyari temen diajak deeptalk bukalapak gak ya 
223,bukalapak menu investasi emas layanan nabung emas batangan
224,bukalapak menu investasi emas layanan nabung emas batangan
225,deeptalk bukalapak tuh hyung 
226,setuju sy dgn perhatian olshop
227,min membatalkan transaksi merubah kurir susah ya
228,min membatalkan transaksi merubah kurir susah ya
229,hi admin no tagihan blizxxehinv bayar sy disuruh nunggu verifikasi batas baâ 
230,hi admin no tagihan blizxxehinv bayar sy disuruh nunggu verifikasi batas ba 
231,rt tabungan bni buka tabungan bni mudah dgn aplikasi bni mobile banking hadiah ekstra e vouch 
232,hai kak maaf banget nggak nyaman ya kak yuk lampirkan bukti pembayaran dm agarâ 
233,hai kak maaf banget nggak nyaman ya kak yuk lampirkan bukti pembayaran dm 
234,buka usaha min 
235,sertifikat prakerja tertahan bukalapak cc
236,bukalapak emang cincay
237,bukalapak emang cincay
238,gratisan pake kode ongkirgratis pas belanja bukalapak biar ongkir gratis maks rprb berlakuâ 
239,fix gua gabut malem dengerin lagu iklan bukalapak
240,gratisan pake kode ongkirgratis pas belanja bukalapak biar ongkir gratis maks rprb berlaku 
241,fix gua gabut malem dengerin lagu iklan bukalapak
242,min udah gak fitur batalkan pesanan ya pesanan udah gak kirim pelapak proses ðÿ 
243,min udah gak fitur batalkan pesanan ya pesanan udah gak kirim pelapak proses 
244,beli hp bos
245,kirain rui pake embel bukalapak kek sheeps 
246,checkout marketplace punyanya dana gopay dm aja yuk bantu 
247,kak mohon maaf kendalanya ya kak bela bantu kak pemeriksaannya namâ 
248,kak mohon maaf kendalanya ya kak bela bantu kak pemeriksaannya nam 
249,males bukalapak kayaknya seller merasakan yg samaâ 
250,males bukalapak kayaknya seller merasakan yg 
251,rt tgl juni ngeh bayar pajak motor cobain perpanjang online via app samolnas bayar bukalapak hariâ 
252,rt tgl juni ngeh bayar pajak motor cobain perpanjang online via app samolnas bayar bukalapak 
253,hai kak maaf banget ya kendalanya yuk lampirkan screenshot kendalanya dm bella bantu cek ya kak ep
254,bukalapak emang cincai
255,sukses meningkatkan produktivitas membutuhkan faktor
256,sukses meningkatkan produktivitas membutuhkan faktor 
257,g beli disitu nder tp klo ak kenalan seller shopee bukalapak tokoped jualn 
258,yukk rb aja bukalapak ready biar enak
259,yukk rb aja bukalapak ready biar enak
260,rt gratisan pake kode ongkirgratis pas belanja bukalapak biar ongkir gratis maks rprb berlaku khususâ 
261,rt gratisan pake kode ongkirgratis pas belanja bukalapak biar ongkir gratis maks rprb berlaku khusus 
262,dibayar tagihan gak terkonfirmasi kadaluwarsa duit ga refund
263,bahagia cashback bukalapak rb wahhh
264,min akun bukalapak toko lokasi berbeda 
265,halo kak maaf bikin nggak nyaman diinfokan detail kendala nomor telepon alamat emâ 
266,halo kak maaf bikin nggak nyaman diinfokan detail kendala nomor telepon alamat em 
267,mending reksadana aja ahh return nya perlahan yg sih gede bunga deposito
268,mending reksadana aja ahh return nya perlahan yg sih gede bunga deposito
269,reksadana aja reksadana saham murah murah harganya
270,reksadana nyaman aja manajer investasi dipercaya
271,reksadana aja reksadana saham murah murah harganya
272,reksadana nyaman aja manajer investasi dipercaya
273,reksadana pastinya kalo emas sih mah returnnya tergantung kalo peristiwa dunia doang
274,reksadana pastinya kalo emas sih mah returnnya tergantung kalo peristiwa dunia doang
275,pilih reksadana aja nabung reksadana
276,pilih reksadana aja nabung reksadana
277,reksadana diawasi ojk
278,reksadana diawasi ojk
279,reksa dana ud konsultasi ahlinya telegram disediakan bukalapak
280,reksa dana ud konsultasi ahlinya telegram disediakan bukalapak
281,reksa dana gratis dividen tahunnya resiko pendapatan saham campuran
282,reksa dana gratis dividen tahunnya resiko pendapatan saham campuran
283,reksa dana larena macamnya reksa dana pasar uang pendapatan saham sampaiâ 
284,reksa dana larena macamnya reksa dana pasar uang pendapatan saham 
285,reksa dana menjual reksa dana pasar uang instan menit bukalapak
286,reksa dana menjual reksa dana pasar uang instan menit bukalapak
287,checkout marketplace punyanya dana gopay dm aja yuk bantu 
288,mengajakmu bergabung bukalapak memberikanmu credits rp cek 
289,mengajakmu bergabung bukalapak memberikanmu credits rp cek 
290,gak dibuka ya bl android update playstore update gimana 
291,cek perlengkapan butuhkan harganya terbaik 
292,rt belanja keperluan si bukalapak aja gak rumah praktis 
293,rt yokk belanja belanjaaa 
294,kubah masjid enamel amp stainless harga murah dipesan
295,bosku promo transaksi bukalapak cek promâ 
296,bosku promo transaksi bukalapak cek prom 
297,paket lion parcel gak tracking bukalapak barang bergerak
298,gratisan pake kode ongkirgratis pas belanja bukalapak biar ongkir gratis maks rprb berlakuâ 
299,gratisan pake kode ongkirgratis pas belanja bukalapak biar ongkir gratis maks rprb berlaku 
300,cek perlengkapan butuhkan harganya terbaik 
301,mengajakmu bergabung bukalapak memberikanmu credits rp cek 
302,mengajakmu bergabung bukalapak memberikanmu credits rp cek 
303,cs suruh terusan menunggu ya gimana ya uang bayar jam tanggal oktober seâ 
304,cs suruh terusan menunggu ya gimana ya uang bayar jam tanggal oktober 
305,tolong ya kak akun uang masuk bukalapak status order kadaluarsa bukâ 
306,tolong ya kak akun uang masuk bukalapak status order kadaluarsa buk 
307,investor korea selatan gencar berinvestasi startup asia tenggara bukalapak grab korea investm 
308,reksa dana dana dikumpulkan dibelanjakan aplikasi bukalapak
309,reksa dana dana dikumpulkan dibelanjakan aplikasi bukalapak
310,reksa dana promo promo menarik cashback pembelian reksa dana
311,reksa dana promo promo menarik cashback pembelian reksa dana
312,reksa dana cashback credit didapatkan belanja menabung reksa dana bukalapak
313,reksa dana cashback credit didapatkan belanja menabung reksa dana bukalapak
314,ngaku anak motor anak mobil pas banget nih pasar diskon otomotif bukalapak 
315,biar asik seru long weekend nya kuy bukalapak
316,tanggal update status resi kak
317,gratisan pake kode ongkirgratis pas belanja bukalapak biar ongkir gratis maks rprb berlakuâ 
318,tanggal update status resi kak
319,gratisan pake kode ongkirgratis pas belanja bukalapak biar ongkir gratis maks rprb berlaku 
320,x jam kak uang syaa akun bukti pembayaran kak tanggalâ 
321,paketkuuu dibawa kurir gak nyampe nyampe kenapaaa 
322,hai kak maaf banget kendalanya mohon informasikan nomor transaksinya ya kak contoh 
323,pembayaran kartu kredit applikasi bl dg internet banking saldo rekening te 
324,halo terinspirasi 
325,paket nomor resi terkena status criss cross status barang sud 
326,kak senang hati bella bantu yuk ngobrolnya pindah inbox mohon info 
327,mudah sahabat pilih program program rumah zakat langsung bukalapak
328,mudah sahabat pilih program program rumah zakat langsung bukalapak
329,ngeblok gc permintaan pengembalian uang yg salah toko penjual ru 
330,gambar tiang cs lapaknya bilang tiang sembarang aja terima penjual d 
331,min tolong pesanan ane dgn no transaksi batalkan seller no respon 
332,gratisan pake kode ongkirgratis pas belanja bukalapak biar ongkir gratis maks rprb berlakuâ 
333,gratisan pake kode ongkirgratis pas belanja bukalapak biar ongkir gratis maks rprb berlaku 
334,mengajakmu bergabung bukalapak memberikanmu credits rp cek 
335,mengajakmu bergabung bukalapak memberikanmu credits rp cek 
336,pas banget jam dapetin masker mediheal x bt harga spesial 
337,bismillah mudah mudaha si cepat dapet hadiah amiin wha 
338,gratisan pake kode ongkirgratis pas belanja bukalapak biar ongkir gratis maks rprb berlaku 
339,gratisan pake kode ongkirgratis pas belanja bukalapak biar ongkir gratis maks rprb berlaku 
340,sms nya bukalapak transaksi 
341,sms nya bukalapak transaksi 
342,gratisan pake kode ongkirgratis pas belanja bukalapak biar ongkir gratis maks rprb berlakuâ 
343,gratisan pake kode ongkirgratis pas belanja bukalapak biar ongkir gratis maks rprb berlaku 
344,fitur buka send paket diluar bukalapak brg yg tdk jual bukalapak tpâ 
345,fitur buka send paket diluar bukalapak brg yg tdk jual bukalapak tp 
346,maaf banget kendala dicoba berkala logiut log in akun bukalapak kam 
347,ketipu untung keburu curiga ikutin petunjuk pelapak teruâ 
348,terimakasih infonya 
349,yg sms bukalapak 
350,hai kak maaf nyaman ya kak terkait pemberitahuan aplikasi bukalapak 
351,kak mohon maaf kakak transaksi hubung 
352,transaksi okt clear no resinya resi sms tsb 
353,transaksi okt clear no resinya resi sms tsb 
354,maba computing ku ajar kmrn yg udh lulus d and kerja bukalapak kmrn join kelas a 
355,rt dipilih pemenang beruntung acak kasih saldo reksadana emas rp ribu 
356,rt dipilih pemenang beruntung acak kasih saldo reksadana emas rp ribu 
357,investasi reksadana mudah risiko kerugiannya suka investasi reksadana 
358,developer bukalapak bang remote work skrng
359,alhamadulillah nya saia koneksi intern d bukalapak yayyyyy
360,hai kak maaf ya kendala kuyy bella bantu kak infoin nomor telepon email akun bukalapak kam 
361,gratisan pake kode ongkirgratis pas belanja bukalapak biar ongkir gratis maks rprb berlaku 
362,gratisan pake kode ongkirgratis pas belanja bukalapak biar ongkir gratis maks rprb berlaku 
363,rt dipilih pemenang beruntung acak kasih saldo reksadana emas rp ribu 
364,rt dipilih pemenang beruntung acak kasih saldo reksadana emas rp ribu 
365,cek perlengkapan butuhkan harganya terbaik 
366,minisite blogger responsiv untul bisnis reseller tokopedia bukalapak dll
367,semenjak pandemi market karuan alias crash kesempatanku konsisten nabung reks 
368,jual kejutan kejutan francine pascal rp pesan via bukalapak klik â 
369,jual kejutan kejutan francine pascal rp pesan via bukalapak klik 
370,min bsa bantu alamat kantor sicepat d lhokseumawe aceh 
371,ganti smartphone kapasitas battery terbesar indonesia kuy ikutan xtreme flash sale samsun 
372,rt ganti smartphone kapasitas battery terbesar indonesia kuy ikutan xtreme flash sale samsung officiaâ 
373,gratisan pake kode ongkirgratis pas belanja bukalapak biar ongkir gratis maks rprb berlaku 
374,hei bos rubah orderan buyer sy resi otomatis sicepat manual jne acc bl s 
375,rt dapatkan diskon spesial im ooredoo bukalapak 
376,investasi emas menurutku resikonya rendah emas mahal 
377,pas b modal k
378,order pomade langsung gt gt gt bukalapak
379,gratisan pake kode ongkirgratis pas belanja bukalapak biar ongkir gratis maks rprb berlakuâ 
380,gratisan pake kode ongkirgratis pas belanja bukalapak biar ongkir gratis maks rprb berlaku 
381,tenaaang tetep belanja ngerasain nya 
382,udah gak belanja bl toko gak verified trus promo nya gak hijau pâ 
383,udah gak belanja bl toko gak verified trus promo nya gak hijau p 
384,mengajakmu bergabung bukalapak memberikanmu credits rp cek 
385,mengajakmu bergabung bukalapak memberikanmu credits rp cek 
386,peserta kartu prakerja gelombang lupa ya beli pelatihan pertamanya batas ak 
387,min bukalapak lemot yaa aplikasinya nya
388,hai kak maaf ketidaknyamanannya yuk pindah dm informasikan kendala email nomoâ 
389,hai kak maaf ketidaknyamanannya yuk pindah dm informasikan kendala email nomo 
390,siang kak maaf kendala sertifikatnya nih bikin nunggu bella cek kendalan 
391,hai kak kakak mengalami kendala terkait mitra bukalapak menghubungi cs mitra bukalapak li 
392,waah sih milih investasi emas yah emas harganya cenderung stabil 
393,tolong dibantu penjualan no pesanan diterima pembeli pembeli 
394,hai kak mohon maaf yuk pindah dm infokan kendala detail beserta email danâ 
395,hai kak mohon maaf yuk pindah dm infokan kendala detail beserta email 
396,buang berhari ternayata bukalapak melindungi pelangan berpihak pelapakâ 
397,buang berhari ternayata bukalapak melindungi pelangan berpihak pelapak 
398,hai kak maaf banget nggak nyaman ya kak yuk infoin detail kendala dm dap 
399,hi kak maaf ketidaknyamanannya ya kak bella infokan proses jual instan mengikuti ta 
400,saldo pulsa nya blm masuk
401,gimana ya min transfer selisihnya 
402,hallo kak maaf nih saldo pulsa kakak masuk pindah dm yuk kak ngobrolnya biar enak a 
403,kesulitan pengiriman barang jual berat mohon bantuannya sayaâ 
404,hai kak senang hati bella informasikan mengaktifkan kurir lapak l 
405,yakiiin lho jam malem 
406,for sale like new pengiriman tangsel transaksi bukalapak shopee by request nego tp j 
407,biar jam malem nya berfaedah nih kasih promo flash deal pigeon breast pump electric go mini
408,woi gimana tanggung udah loh saldo emoney rb ga masuk parah banget sih lamaâ 
409,woi gimana tanggung udah loh saldo emoney rb ga masuk parah banget sih 
410,halo min dpt sms notifikasi ganti no telf akun bl dapet email ya 
411,biarcepet laku spefikasi dm aj harga free ongkir rekber tokped bukalapak
412,cek perlengkapan butuhkan harganya terbaik 
413,cek perlengkapan butuhkan harganya terbaik 
414,checkout marketplace punyanya dana gopay dm aja yuk bantu 
415,rt biar jam malem nya berfaedah nih kasih promo flash deal pigeon breast pump electric go mini
416,asli sisten jualan bl bobrok barang dikirim pake resi manual disetujui bl min 
417,saldo gaditerusin buka dompet penjual disetujui merubah resi otomatis manual rugi penjuaâ 
418,saldo gaditerusin buka dompet penjual disetujui merubah resi otomatis manual rugi penjua 
419,bukalapak aja bund
420,tolong klo refund dikembalikan sesuai yg semestinya refund pulsa serbu honda beat sesuaiâ 
421,tolong klo refund dikembalikan sesuai yg semestinya refund pulsa serbu honda beat sesuai 
422,karna mah pilih produk digital
423,barang blm nyampe nih kak
424,barang blm nyampe nih kak
425,fitur jual barang varian pilihan dâ 
426,fitur jual barang varian pilihan d 
427,serat sisal sisalana agave bukalapak yuk belinya 
428,user bukalapak cek favorit 
429,maaf banget ya bikin ngga nyaman terkait mohon informasikan nomor telepon alamat eâ 
430,maaf banget ya bikin ngga nyaman terkait mohon informasikan nomor telepon alamat e 
431,terimakasih kakak
432,minisite blogger responsiv untul bisnis reseller tokopedia bukalapak dll
433,nomor transaksi nomor resi paket kirim 
434,mengajakmu bergabung bukalapak memberikanmu credits rp cek 
435,hai kak maaf banget nih kendalanya keterbatasan karakter yuk pindah dm kak biar ngobrolnya lâ 
436,halo min register buka lapak ga otp nomor hp ya 
437,gratisan pake kode ongkirgratis pas belanja bukalapak biar ongkir gratis maks rprb berlakuâ 
438,gratisan pake kode ongkirgratis pas belanja bukalapak biar ongkir gratis maks rprb berlaku 
439,cek perlengkapan butuhkan harganya terbaik 
440,cek perlengkapan butuhkan harganya terbaik 
441,udah ga iklan tv si min ga ikutan ky yg 
442,kubah masjid enamel amp stainless harga murah dipesan
443,kubah masjid enamel amp stainless harga murah dipesan
444,halo kak bukalapak kak iklan tv sampe ketinggalan liat iklannya kak ðÿ an
445,halo kak bukalapak kak iklan tv sampe ketinggalan liat iklannya kak an
446,otp bukalapak down berkali nyoba kirim otp gaada yg masuk 
447,reksadana mudah transaksi beli amp jualnya harganya terjangkau sesuai budget pilihan portfoâ 
448,reksadana mudah transaksi beli amp jualnya harganya terjangkau sesuai budget pilihan portfo 
449,hai kak maaf kendala alami ya kak bella bantu cek ya yuk infoin alamatâ 
450,hai kak maaf kendala alami ya kak bella bantu cek ya yuk infoin alamat 
451,kak bukalapak eror ya otp sms gak masukâ² pagi
452,hai kak maaf banget ya kendalanya terkait kendala yuk infoin bella alamat email nâ 
453,hai kak maaf banget ya kendalanya terkait kendala yuk infoin bella alamat email n 
454,mega app ma mitra bukalapak tu logonya kalo notif suka binun
455,mega app ma mitra bukalapak tu logonya kalo notif suka binun
456,microsoft berinvestasi bukalapak loh be emers google temasek memberâ 
457,gratisan pake kode ongkirgratis pas belanja bukalapak biar ongkir kâ 
458,rt selamat pemenang asia pacific indonesia kategori marketplace responsif gender 
459,rt marketplace tokopedia bukalapak lazada memungut ppn persen konsumen aturan akaâ 
460,mantap
461,mengajakmu bergabung bukalapak memberikanmu credits rp cek 
462,hai kak senang hati bella informasikan bukalapak memiliki fitur bayarnanti dimana mâ 
463,syaratnya aplikasi bukalapak pesennya via bukafood makanannya dianterin pake grabexpress pake voucâ 
464,rt syaratnya aplikasi bukalapak pesennya via bukafood makanannya dianterin pake grabexpress pake voucher code grâ 
465,buka bukalapak edisi malam jumatan jamin ori
466,mengajakmu bergabung bukalapak memberikanmu credits rp cek 
467,ni ku bilang ya email gak solusii memperlamaa akun bekukan buka dompeâ 
468,gratisan pake kode ongkirgratis pas belanja bukalapak biar ongkir gratis maks rprb berlakuâ 
469,_hendrian_shn adminnya cakep kayak bule 
470,pajakcengkareng rt djp perusahaan pemungut ppn pmse tokopedia bukalapak blibli lazada lho coba 
471,kfc dah min kasih voucher ga nih 
472,sahabat suka belanja online tau bukalapak promo promo menarik denganâ 
473,ayok kak dicoba patah semangat yaa bella doain deh semoga kakak dapet voucher meâ 
474,kakak ragu bukalapak tipu tipu bella doain kesempataâ 
475,semangat atuh kak vouchernya kakak gunain cekout barang kesayangan kakak loh murah deh ðÿ 
476,kecewa dgan tim penyelesaian bukalapak duit blokir bsa berjualan licikâ 
477,min dapet pesan promoted push cashback coba beli ga cashbacknya
478,rt sahabat suka belanja online tau bukalapak promo promo menarik lhâ 
479,rt sahabat suka belanja online tau bukalapak promo promo menarik lhâ 
480,yuk cus bukalapak mimin kasih link promo biar pilih promo gunain ya 
481,huumb kak yuk langsung cus bukalapak voucher promo tersedia cek
482,ragu ceki ceki barang impian temukan promo menariknya ðÿ 
483,tolong admin bukalapak uang bekukan buka dompet nomer transaksi segâ 
484,kajian mitra bukalapak qanaah bersyukur rezeki pandemi via
485,rt desember belanja bukalapak cs kena ppn persen
486,td mlm server down
487,rt ya min sy ga login akun sy buka aplikasi 
488,kk status transaksi klo gg d proses tolong batalim aja sya butuh brmgnya cepat pakai gojek
489,yasalaaaaammm ku geraaamm mbaakk nhaloooo tolonglah direspons
490, area booth bukalapak hall b n diskon pembelian oli eneos aplikasi bukalapak 
491,no transaksi koq sy input resi dr kemarin tp ga update history bukalapak ya
492, area booth bukalapak hall b n diskon n
493,min plz help sy terima email e tiketnya jg sy sdh d lokasi iims 
494, area booth bukalapak hall b n diskon pembelian oli eneos aplikasi bukalapak 
495, area booth bukalapak hall b n diskon pembelian oli eneos aplikasi bukalapak 
496, area booth bukalapak hall b n diskon pembelian oli eneos aplikasi bukalapak 
497, area booth bukalapak hall b n diskon n
498, area booth bukalapak hall b n diskon pembelian oli eneos aplikasi bukalapak 
499, area booth bukalapak hall b n diskon n
500,hi bukalapak nmr pembelian nbl zncbainf kesalan pengiriman gimana doong tujuan lamongan 
501,berjualan online bukalapak versi mobile android desktop 
502,transaksi pembeli kasih ulasan tolong remit
503,hai mba sdh terima sy jg nih terima etiketnya
504,terhormat cs bukalapak pembelian pulsa nomor tagihan bladzaxvinv terbayar 
505,mengajakmu bergabung bukalapak credits rp kode mnurwakhidalimxdf 
506, nsiang admin nmohon bantu input resi manual no transaksi n dgn resi 
507,min id gk send massage
508,min id gk kirim pesan id ade roy renaldo
509,transaksi mohon diaktifkan sistem tracking dr bukalapak nya lg err 
510,ramadan promo nih bayarnya p 
511,semangat guyys pandemi tet 
512,nih ciwi ciwi udah gajian n nkita k 
513,hayoloohh dikejar emak emak tuh bande 
514,ikutan rejeki asik bukalapak kesempata 
515,senin teka teki miliaran hadir 
516,kak mohon maaf kendalanya ya bella inf 
517,maaf banget nih kak informasikan email daviq_romelos
518,hai kak daviq maaf banget nih bikin
519,ngumpulin hobi main black desse 
520,udah kartu yuk dimanfaa 
521,wahh maaf nih kak membuatmu nggak nyaman un fachriiiiir
522,jam aja udah tau jam yak r http bl app link malemmalemobral
523,jam aja udah tau jam yak r 
524,asik belanja malem malem obral dit 
525,sebentar dapetin barang barang spesial denga 
526,habis buka puasa mari menjemput rejeki gak a 
527,rejeki ekstra ekstra jam tayangnya 
528,udah jam sore nunggu magrib yuk no 
529,kak mohon maaf ya membuatmu nggak nyaman un 
530,bingung berbuka pakai coba cek h 
531,mohon maaf ya kak terkait mohon kese 
532,kak semangat cek kolom diskusi ka 
533,bella paham kekecewaan apmplify
534,silakan infoka 
535,gak belanja un 
536,gak dijadiin prioritas 
537,beli kebutuhan harian bukalapak bayar 
538,pagi pagi tetep kudu semangat 
539,hai kak wadidur maaf banget ya bikin ng 
540,hai kak maaf banget bikin nggak nyaman 
541,kelar tarawehan mari hepi hepi teka teki miliar 
542,kak mohon maaf kendalanya 
543,dapet barang barang gratis mer 
544,butuh headset merapaaat n npake du 
545,hi kak mohon maaf kendalanya bella cek pemb 
546,kak mohon maaf kendalanya 
547,mohon maaf kak terkait kendala kakak fachriiiiir
548,gak dilewatin habis buka puasa ik 
549,hi kak kak bella cek balas y 
550,kak maaf kendalanya ya kak terkait ta 
551,hi kak mohon maaf kendalanya silakan infoka 
552,kirim uang gampang lak 
553,kak maaf ya ats kendalanya kak bella sarank 
554,belanja dapet cashback 
555,bingung nyari kursus 
556,nebak lagu favorit asik asik dapetin tot 
557,jam bukalapak 
558,berjuang sekuat tenaga 
559,beliin setrika mamah ribu aja burua 
560,kuuuy coba kalo kemarin berunt 
561,selamat terpil et_febrian
562,hai terima kasih ketertarikannya program kar indranano
563,habis gajian emang asik checkout baran 
564,heboh emang terheboh n nya gimana 
565,jam jam rawan ngantuk eits tenaaang 
566,okay kakak silakan coba ya berk 
567,mohon maf ya kak terkait voucher kakak 
568,udah gajian kaaan n nbiar ibadah semangat c 
569,kak mohon maaf kendalanya bella sarank 
570,kak kakak memiliki kendala 
571,hi kak mohon maaf ketidaknyamanannya bella 
572,maaf kendalanya ya kak bella sarankan kakak 
573,penasaran gimana bikin konten keren 
574,habis taraweh santai santai nih seru ser 
575,momen ditunggu tunggu harinya c 
576,kak proses pengir 
577,hai kak mohon maaf kendalanya ya mohon lamp 
578,hai kak maaf nih bikin ngga nyaman 
579,alternatif hiburan murah pas tuh 
580,ramadan emang kuuy buka fitur tayang 
581,bentar buka puasa guyss n nkalau mimin sih b 
582,bangeeet ku 
583,ramadan emang penuh berkah 
584,pandemi plus puasa pinter pint 
585,siang siang abis tadarusan kuuuy ikutan teka tek 
586,kesempatan gaeees menangin mobil m 
587,hai kak mohon maaf perihal d 
588,hai kak mohon maaf perihal d 
589,sibuk kerjaan aktivitas 
590,hallo kak mohon maaf nih kak pindah 
591,hi kak kakak memiliki kendala 
592,bukalapak emang hobi kasih ekstra ekst 
593,biar khusyuk ibadahnya kuuy beli sarung dul 
594,besok teka teki miliaran kasih hadiah j 
595,kak cek aplikasi bukalapak s 
596,hai kak shudel maaf ya 
597,kelakuanku jaman n nhayooo inget 
598,klik 
599,maaf banget nih kak bikin ngga nyama 
600,ayo buka bukalapak bayar pajak kendar 
601,tampil menawan d 
602,kak maaf ya nyaman bella ba 
603,kebutuhan pokok rumah gak terpenu 
604,skip bayar pajak kendaraan 
605,hai kak senang hati bella bantu 
606,gak beb 
607,yuk berburu bukalapak ramad 
608,pilih teflon minyak goreng gaesss duanya 
609,hai kak mohon maaf kendalanya bell 
610,senin teka teki miliaran hadir 
611,kak mohon maaf kendalanya ya bella inf 
612,ikutan rejeki asik bukalapak kesempata 
613,nih ciwi ciwi udah gajian n nkita k 
614,semangat guyys pandemi tet 
615,ramadan promo nih bayarnya p 
616,kak mohon maaf kakak transaksi hubung 
617,ketipu untung keburu curiga ikutin petunjuk pelapak teru 
618,gk ketipu org paham yg jgn share data otp liat we 
619,bukalapak bawel banget 
620,hai kak mohon maaf ketidaknyamanannya ya informasikan bella alamat email no 
621,btw bukalapak kabar sih 
622,min udah gak fitur batalkan pesanan ya pesanan udah gak kirim pelapak proses 
623,hai kak maaf banget ya kendalanya yuk lampirkan screenshot kendalanya dm bella bantu cek ya kak 
624,males bukalapak kayaknya seller merasakan yg 
625,rt gratisan pake kode ongkirgratis pas belanja bukalapak biar ongkir gratis maks rprb berlaku khususâ 
626,yukk rb aja bukalapak ready biar enak
627,rt tgl juni ngeh bayar pajak motor cobain perpanjang online via app samolnas bayar bukalapak hariâ 
628,males bukalapak kayaknya seller merasakan yg samaâ 
629,kak mohon maaf kendalanya ya kak bela bantu kak pemeriksaannya namâ 
630,min udah gak fitur batalkan pesanan ya pesanan udah gak kirim pelapak proses ðÿ 
631,gratisan pake kode ongkirgratis pas belanja bukalapak biar ongkir gratis maks rprb berlakuâ 
632,fix gua gabut malem dengerin lagu iklan bukalapak
633,bukalapak emang cincay
634,sertifikat prakerja tertahan bukalapak cc
635,buka usaha min 
636,hai kak maaf banget nggak nyaman ya kak yuk lampirkan bukti pembayaran dm agarâ 
637,hi admin no tagihan blizxxehinv bayar sy disuruh nunggu verifikasi batas baâ 
638,min membatalkan transaksi merubah kurir susah ya
639,bukalapak menu investasi emas layanan nabung emas batangan
640,harga amazon usd sampe usd shipping bea cukai dijual juta
641,hai kak mohon maaf kendalanya ya keamanan data kakak pindah dm yuk kak infoin alamat eâ 
642,dorong industri game bukalapak hadirkan program turnamen asik
643,jadiii bukalapak nikmatin cashback berlangganan streaming film favorit top up gameâ 
644,minisite blogger responsiv untul bisnis reseller tokopedia bukalapak dll
645,pas banget doyan aktivitas media digital streaming film sampe nge game kitaâ 
646,gratisan pake kode ongkirgratis pas belanja bukalapak biar ongkir gratis maks rprb berlakuâ 
647,mengajakmu bergabung bukalapak memberikanmu credits rp cek 
648,rt perusahaan teknologi indonesia bukalapak menghadirkan maingame dot com aplikasinya program turnamenâ 
649,smartphone versi terbaru tunggu tunggu udah pasaran yuk beli aja pakâ 
650,perusahaan teknologi indonesia bukalapak menghadirkan maingame dot com aplikasinya program tâ 
651,gamenang beli mmm gatau sih msti prcya enggaðÿ bantuin bukalapak sanaâ 
652,kak maaf banget kendalanya bella cek kendala kakak bella bantu sampaikanâ 
653,tersedia jg bukalapak shopee toped amp wa bro
654,saksikan live streaming leadership talks strategi perjuangan perusahaan era pandemic sebentâ 
655,pembeli gk dihubungi aja transaksi laporkan viralkan
656,kak maaf banget ya udah bikin kakak gak nyaman silakan kakak kesepakatan terlebihâ 
657,memiliki bukti perbaikan pasien signifikanâ 
658,jual bukalapak carousel deh cepet lakunya
659,netijen please do your magic bantu jualan gue bukalapak yuk belinya 
660,proses semoga bertahan dgn membatalkan transaksi yg sdh diproâ 
661,kak maaf ya udah bikin kakak gak nyaman bella cek transaksi kakak dibaâ 
662,gak ngebadut ya syopii sampe gua pindah haluan bukalapak 
663,marketplace konyol yg
664,pelapak dirugikan cancel orderan persetujuan pelaâ 
665,mudah sahabat pilih program program rumah zakat langsung bukalapak
666,order pomade langsung gt gt gt bukalapak
667,salah kode unik udh nungfu disuruh nungfu brpa woy 
668,lhoo ga ngecek bukalapak skrg ui nya dah rapi yaaa
669,mohon maaf ya kak udah bikin gak nyaman bella cek kendala kakak nomor pelaporan â 
670,kelanjutan dana sayaa btuh uang bayar angsuranâ 
671,grgr lupa kode unik kah mas jg gitu tpi duit gabalik smoe skrg udh keâ 
672,kelanjutan dana sayaa btuh uang bayar angsuranâ 
673,kelanjutan dana sayaa btuh uang bayar angsâ 
674,kelanjutan dana sayaa btuh uang bayar angsuraâ 
675,kelanjutan dana sayaa btuh uang bayar angsuran yaallah tâ 
676,gratisan pake kode ongkirgratis pas belanja bukalapak biar ongkir gratis maks rprb berlakuâ 
677,cek perlengkapan butuhkan harganya terbaik 
678,gratisan pake kode ongkirgratis pas belanja bukalapak biar ongkir gratis maks rprb berlakuâ 
679,kak penarikan dana kerekning bca status pending ya 
680,penggemar setia bukalapak terima kasih user experience yaâ 
681,tidakperlu dm balasan aja kayak robot buarkan mreka tau gmn bukalapak atâ 
682,ngasih tau nih belanja metode pembayaran dana dapetin diskon ongkos kirim s dâ 
683,basi jawabanmu gaada kejelasan gaada penyelesaian
684,maaf ketidaknyamanannya ya kak perihal kendala bella bantu konfirmasi dm yaâ 
685,upgrade hp menyelesaikan aktivitas online gitu yu beli bundlingâ 
686,order pomade langsung gt gt gt bukalapak
687,pastikan kali trakhir makai pilihan topuo aktivitas sehari tiâ 
688,admin twiiter gak tiao ni tiket berubah tpi admin ig live chat tto sm noâ 
689,profesional berhati kawan lupa kode unik tâ 
690,belanja bukalapak bayarnya pakai coba vote ðÿ 
691,jual alat rapid test harga ekonomis beli eceran rp pesan via bukalapak klik â 
692,gw bgt tim ui ux nya shopee bukalapak
693,gratisan pake kode ongkirgratis pas belanja bukalapak biar ongkir gratis maks rpâ 
694,investasi emas
695,hai kak maaf ketidaknyamanannya ya kakak dm bella ya kak infoin detail kendala kak bdp
696,mengajakmu bergabung bukalapak memberikanmu credits rp cek 
697,rt gratisan pake kode ongkirgratis pas belanja bukalapak biar ongkir gratis maks rprb berlaku khususâ 
698,gila potongan super seller cuy pantesan platform sepi super seller nggak aja â 
699,gratisan pake kode ongkirgratis pas belanja bukalapak biar ongkir gratis maks rprb berlakuâ 
700,gratisan pake kode ongkirgratis pas belanja bukalapak biar ongkir gratis maks rprb berlakuâ 
701,tolong voucher diterbitkan aja udah ampir sebulan gak hasil
702,tolong voucher diterbitkan aja udah ampir sebulan gak hasil
703,oke kak lupa jaga kesehatan ya kendala bukalapak silakaâ 
704,gratisan pake kode ongkirgratis pas belanja bukalapak biar ongkir gratis maks rprb berlakuâ 
705,cek produk new update gt gt gt bukalapak gt gt 
706,cek perlengkapan butuhkan harganya terbaik 
707,bukalapak chino k jaket jeans k kemeja denim k dll gt pin fce hp lt 
708,bukalapak promo moms
709,iya nih bukalapak sepi sepi aja
710,rt buku das kapital ribu bukalapak udah buku 
711,rt ww ya nih berkesempatan menangin total hadiah jt gampang banget top up produk virtual bukaâ 
712,buku das kapital ribu bukalapak udah buku 
713,biar belanja nyaman yuk top up bni tapcash bukalapak dapatkan cashbacknya cuss yuâ 
714,yuk langsung aja kepoin marketplace gopayless tersedia tokopedia bukalapak shopee blibli 
715,bukalapak cincau harga santai kagak lebay dinego aje sayy sayy 
716,hai kak maaf banget ya udah bikin kakak gak nyaman terkait kendala kakak nomor transaksi xxâ 
717,bukalapak ðÿ emang ðÿ cincai ðÿ harga ðÿ santai ðÿ ž kagak âœ ï lebay ðÿ dinego ðÿ aje ðÿ say ðÿ ðÿ ðÿ sayâ 
718,mengajakmu bergabung bukalapak memberikanmu credits rp cek 
719,mohon bantuannya sy pesan barang pelapak stuff station id transaksi â tgl pelaâ 
720,buka dm min ga respon kek doi 
721,shopee tokopedia bukalapak lazada bintang iklan konsep iklan nya mahal mahal bangsat
722,hai kak kendala bella konfirmasi dm ya kak yuk cek dm kak nt
723,aplikasi gak kmren ni tiket brubah kali dm brubah cs aplikasiâ 
724,hai kak maaf banget nggak nyaman ya kak perihal kendala bella konfirmasi melalâ 
725,gratisan pake kode ongkirgratis pas belanja bukalapak biar ongkir gratis maks rprb berlakuâ 
726,nabung emas aja udah 
727,netijen please do your magic bantu jualan gue bukalapak yuk belinya 
728,hai kak kendala bella konfirmasi dm ya kak yuk pindak dm kak nt
729,beli reksadana emas bukalapak
730,lanjutan mksdnya gimana woy bener no tiket laporan sy yg skrng hdeh jancok gaj jelasâ 
731,investasi reksadana emas bukalapak ayo bantu 
732,dapet gratisan bl ya ðÿ ðÿ 
733,gimana nih bales dm nya kak
734,ww ya nih berkesempatan menangin total hadiah jt gampang banget top up produk virtuaâ 
735,hai kak maaf kendalanya ya yuk dm bella infoin detail kendala ya kak bdp
736,invest emas bukalapak rupiah
737,maaf kendala ya kak mohon infoin bella via dm nomor transaksinya bukti resi fisik daâ 
738,order pomade langsung gt gt gt bukalapak
739,hai kak maaf kendala ya mohon infokan bella detail terkait kendala ya infâ 
740,biar belanja hemat lupa pake voucher bank mandiri nih lumayan banget voucher ongkir rpâ 
741,cek perlengkapan butuhkan harganya terbaik 
742,salam mohon dibantu no transaksi dana dr transaksi masuk dompet bl sy krn pktâ 
743,hai kak maaf banget kendala ya mohon diinfokan bella nomor transaksi alamat eâ 
744,hai kak maaf kendalanya ya bella diinfokan detail kendala dm ya kak mohon diâ 
745,hai kak mohon maaf kendala dialami terkait kendala kakak diinfokan bella dm ya kak ar
746,beli buka mas rb masuk saldo tinggal sisanya kemana
747,hi selamat terpilih pemenang kuis cek dm ya 
748,ngasih emas nih ambil hadiah emasnya 
749,hallo membeli pelatihan prakerja bukalapak menyelesaikan pelatihan skill aâ 
750,kejadian shopee bukalapak balikin akunku
751,gratisan pake kode ongkirgratis pas belanja bukalapak biar ongkir gratis maks rprb berlakuâ 
752,malam min knp ga login ya padhal udah bener sms kode bener gagalâ 
753,mengajakmu bergabung bukalapak memberikanmu credits rp cek 
754,kak maaf kendalanya ya kak bella bantu kendala kakak inbox ya kak silakan kakakâ 
755,mega app ma mitra bukalapak tu logonya kalo notif suka binun
756,hai kak maaf banget ya kendalanya terkait kendala yuk infoin bella alamat email nâ 
757,kak bukalapak eror ya otp sms gak masukâ² pagi
758,hai kak maaf kendala alami ya kak bella bantu cek ya yuk infoin alamatâ 
759,reksadana mudah transaksi beli amp jualnya harganya terjangkau sesuai budget pilihan portfoâ 
760,halo kak bukalapak kak iklan tv sampe ketinggalan liat iklannya kak ðÿ an
761,kubah masjid enamel amp stainless harga murah dipesan
762,udah ga iklan tv si min ga ikutan ky yg 
763,cek perlengkapan butuhkan harganya terbaik 
764,gratisan pake kode ongkirgratis pas belanja bukalapak biar ongkir gratis maks rprb berlakuâ 
765,memiliki bukti perbaikan pasien signifikanâ 
766,halo min register buka lapak ga otp nomor hp ya 
767,hai kak maaf banget nih kendalanya keterbatasan karakter yuk pindah dm kak biar ngobrolnya lâ 
768,mengajakmu bergabung bukalapak memberikanmu credits rp cek 
769,nomor transaksi nomor resi paket kirimâ 
770,rt twitter please do your magic gue tau akun gue tolong retweet tau yg ketipu â 
771,minisite blogger responsiv untul bisnis reseller tokopedia bukalapak dll
772,maaf banget ya bikin ngga nyaman terkait mohon informasikan nomor telepon alamat eâ 
773,user bukalapak cek favorit 
774,fitur jual barang varian pilihan dâ 
775,barang blm nyampe nih kak
776,tolong klo refund dikembalikan sesuai yg semestinya refund pulsa serbu honda beat sesuaiâ 
777,bukalapak chino k jaket jeans k kemeja denim k dll gt pin fce hp lt 
778,gx bukalapak ja 
779,maybe bund bukalapak
780,berjualan online bukalapak versi mobile android desktop
781,anjim twitter gua kaya bukalapak
782,saldo gaditerusin buka dompet penjual disetujui merubah resi otomatis manual rugi penjuaâ 
783,asli sisten jualan bl bobrok barang dikirim pake resi manual disetujui bl minâ 
784,cek perlengkapan butuhkan harganya terbaik 
785,biarcepet laku spefikasi dm aj harga free ongkir rekber tokped bukalapak
786,halo min dpt sms notifikasi ganti no telf akun bl dapet email ya 
787,berguru
788,woi gimana tanggung udah loh saldo emoney rb ga masuk parah banget sih lamaâ 
789,rt twitter please do your magic gue tau akun gue tolong retweet tau yg ketipu â 
790,rt twitter please do your magic gue tau akun gue tolong retweet tau yg ketipu â 
791,for sale like new pengiriman tangsel transaksi bukalapak shopee by request nego tp jâ 
792,yakiiin lho jam malem ðÿ 
793,ðÿ ðÿ enyah lo jgn promosi bukalapak
794,suka ngulik ngulik aplikasi keuangan pakai buka reksa aplikasi bukalapak bareksa terâ 
795,buibuuuukk jam udah tau ngapain nih coba reply twit ngapainðÿ 
796,hai kak senang hati bella informasikan mengaktifkan kurir lapak lâ 
797,bukalapak anak bangsa minimal lu hargain bos 
798,stok kuota streaming film weekend oiya registrasi kartuhalâ 
799,no need buang say no to bukalapak
800,kesulitan pengiriman barang jual berat mohon bantuannya sayaâ 
801,hallo kak maaf nih saldo pulsa kakak masuk pindah dm yuk kak ngobrolnya biar enak aâ 
802,gimana ya min transfer selisihnya 
803,hi kak maaf ketidaknyamanannya ya kak bella infokan proses jual instan mengikuti taâ 
804,saldo pulsa nya blm masuk
805,movie marathon libur layanan halo kick gold berisi kuota internet gb mâ 
806,min tny ttg bukareksa jual instan kalo jual nab lbh ditransfer sâ 
807,hai kak maaf banget nggak nyaman ya kak yuk infoin detail kendala dm dapâ 
808,buang berhari ternayata bukalapak melindungi pelangan berpihak pelapakâ 
809,rt bikin ginian domain available langsung dibeli ga tau apâ 
810,rt bikin ginian domain available langsung dibeli ga tau apâ 
811,berjualan online bukalapak versi mobile android desktop
812,hai kak mohon maaf yuk pindah dm infokan kendala detail beserta email danâ 
813,tolong dibantu penjualan no pesanan diterima pembeli pembeliâ 
814,waah sih milih investasi emas yah emas harganya cenderung stabil â 
815,rt twitter please do your magic gue tau akun gue tolong retweet tau yg ketipu â 
816,rupiah mhank 
817,hai kak kakak mengalami kendala terkait mitra bukalapak menghubungi cs mitra bukalapak liâ 
818,siang kak maaf kendala sertifikatnya nih bikin nunggu ðÿ bella cek kendalanâ 
819,hai kak maaf ketidaknyamanannya yuk pindah dm informasikan kendala email nomoâ 
820,daftarnya selesai tinggal nunggu info amp mengikuti trainingnya
821,min bukalapak lemot yaa aplikasinya nya
822,mantap bln kelas blm slesai gimana beli eummmm
823,peserta kartu prakerja gelombang lupa ya beli pelatihan pertamanya batas akâ 
824,nnti yg bukalapak ngitung harganya bingung
825,pengawal perusahaan gojek bukalapak menggerakkanâ 
826,rt twitter please do your magic gue tau akun gue tolong retweet tau yg ketipu â 
827,rt twitter please do your magic gue tau akun gue tolong retweet tau yg ketipu â 
828,mengajakmu bergabung bukalapak memberikanmu credits rp cek 
829,udah gak belanja bl toko gak verified trus promo nya gak hijau pâ 
830,hoyong diajar atuh ðÿ 
831,gratisan pake kode ongkirgratis pas belanja bukalapak biar ongkir gratis maks rprb berlakuâ 
832,ketawain kasian 
833,emang yg belanja bl 
834,investasi emas menurutku resikonya rendah emas mahal selainâ 
835,gimana ðÿ 
836,hei bos rubah orderan buyer sy resi otomatis sicepat manual jne acc bl sâ 
837,jasa topup dompet digital
838,jualan apaa nder tips 
839,gratisan pake kode ongkirgratis pas belanja bukalapak biar ongkir gratis maks rprb berlakuâ 
840,reksadana suka berinvestasi
841,rt ganti smartphone kapasitas battery terbesar indonesia kuy ikutan xtreme flash sale samsung officiaâ 
842,min bsa bantu alamat kantor sicepat d lhokseumawe aceh 
843,hub transit tuh maksudnya gimana gak jalan jalan kemarin tgl merah libur 
844,rt twitter please do your magic gue tau akun gue tolong retweet tau yg ketipu â 
845,rt twitter please do your magic gue tau akun gue tolong retweet tau yg ketipu â 
846,rt twitter please do your magic gue tau akun gue tolong retweet tau yg ketipu â 
847,jual kejutan kejutan francine pascal rp pesan via bukalapak klik â 
848,shopee k vision bukalapak kvision
849,rt twitter please do your magic gue tau akun gue tolong retweet tau yg ketipu â 
850,karna no ribet dijadiin tabungan
851,cek produk new update gt gt gt bukalapak gt gt 
852,rt twitter please do your magic gue tau akun gue tolong retweet tau yg ketipu â 
853,hallah typo pelawak maksudnya pelapak ðÿ 
854,rt twitter please do your magic gue tau akun gue tolong retweet tau yg ketipu â 
855,rt twitter please do your magic gue tau akun gue tolong retweet tau yg ketipu â 
856,rt twitter please do your magic gue tau akun gue tolong retweet tau yg ketipu â 
857,kak maaf ketidaknyamanannya ya terkait transaksi mohon menunggu pelapâ 
858,rt twitter please do your magic gue tau akun gue tolong retweet tau yg ketipu â 
859,rt twitter please do your magic gue tau akun gue tolong retweet tau yg ketipu â 
860,shopee lazada tokped bukalapak gaaa
861,rt twitter please do your magic gue tau akun gue tolong retweet tau yg ketipu â 
862,kalo suka investasi reksadana sebenernya kalo uang investasi emas ga maâ 
863,kalo link shoopie tokped bukalapak dicantumkan yg beli gak ragu seller yg nipu ðÿ ðÿ 
864,rt twitter please do your magic gue tau akun gue tolong retweet tau yg ketipu â 
865,semenjak pandemi market karuan alias crash kesempatanku konsisten nabung reksâ 
866,minisite blogger responsiv untul bisnis reseller tokopedia bukalapak dll
867,cek perlengkapan butuhkan harganya terbaik 
868,gratisan pake kode ongkirgratis pas belanja bukalapak biar ongkir gratis maks rprb berlakuâ 
869,hai kak maaf ya kendala kuyy bella bantu kak infoin nomor telepon email akun bukalapak kamâ 
870,alhamadulillah nya saia koneksi intern d bukalapak yayyyyy
871,rt dipilih pemenang beruntung acak kasih saldo reksadana emas rp ribu 
872,investasi reksadana mudah risiko kerugiannya suka investasi reksadana awalâ 
873,kak kendala bukalapak tinggal colek mimin bella ya ðÿ jbt
874,rt twitter please do your magic gue tau akun gue tolong retweet tau yg ketipu â 
875,kak ya kendala bukalapak hubungi bella ðÿ jbt
876,tampilan e com yg bikin pusing bukalapak zilingoooo ampun pusing bener cari barang
877,notif bukalapak ngeri sehari puluhan kali
878,mbok kiro gojek toped bukalapak iku duduk garapane milenial a
879,transaksi okt clear no resinya resi sms tsb 
880,permisi share ready stock tokyobike cari city bike kids bike more coming soon terima kasihâ 
881,hai kak maaf nyaman ya kak terkait pemberitahuan aplikasi bukalapak kamuâ 
882,kak mohon maaf kakak transaksi hubungâ 
883,yg sms bukalapak 
884,terimakasih infonyaðÿ ðÿ 
885,ketipu untung keburu curiga ikutin petunjuk pelapak teruâ 
886,rt twitter please do your magic gue tau akun gue tolong retweet tau yg ketipu â 
